Variable,Supplier_Lead_Time,Inventory_Levels,Order_Frequency,Delivery_Performance,Cost_Per_Unit
Supplier_Lead_Time,1,0.241377057,-0.886345128,-0.923574666,0.964810591
Inventory_Levels,0.241377057,1,-0.291122858,-0.220238859,0.250354775
Order_Frequency,-0.886345128,-0.291122858,1,0.778681914,-0.860420468
Delivery_Performance,-0.923574666,-0.220238859,0.778681914,1,-0.917387605
Cost_Per_Unit,0.964810591,0.250354775,-0.860420468,-0.917387605,1
